Activity: SkyHelix Sentosa,1: https://maps.googleapis.com/maps/api/place/photo?maxwidth=2600&photoreference=AW30NDzOOYyaFZpBcQYLECYE-n-cH2tYeAsgkMpfHCmHXdVFk9cMi__d1FOalLje4CtAu5TVR1K9OgxWQHlQf2Zzl5zW--pF8XTMNjNCHayI0lbj0YtloFuEb58A_oE3la8aehvVZBGO6HqgfxnElEE77Kyk8F-XER01ri3bt9KAyZ5Clyl6&key=AIzaSyBblxAfyQjITHddg4IYMF77L-PHrfrLW4s
Activity: SkyHelix Sentosa,2: https://maps.googleapis.com/maps/api/place/photo?maxwidth=2600&photoreference=AW30NDxx6ovOD6Fzd7U-f3Sp6pfmNBNDtRwBIxFeLrJewmQBLC66r9_iWaoedRuwMH-rhJVrl0H33KvI5YUto-3Mi5bV2XHTysfG1FUX3yh4JAtiEpQVernh5-4fpUB56LflCeLQBD6dLtzXy7c7-iLY-QkceTf6H7APptSIFrLapNPPnucQ&key=AIzaSyBblxAfyQjITHddg4IYMF77L-PHrfrLW4s
Activity: SkyHelix Sentosa,3: https://maps.googleapis.com/maps/api/place/photo?maxwidth=2600&photoreference=AW30NDwPKheMs4kxut611lR2WPsr66WavUDIVzIXJYekEKWwPDVwd7Q_rieL6AqB2mIgA_xAEL2qR6lN3G6s5JBhr-HKNxBWdrLWj9wtAR5jFrlkAuTNNgAFMzvJzTUNuaDAoTdsOmWvI3Fv3-_eidNRHFFZbkOu-UmfDEQZB0A7LLuH-Yac&key=AIzaSyBblxAfyQjITHddg4IYMF77L-PHrfrLW4s
Activity: SkyHelix Sentosa,4: https://maps.googleapis.com/maps/api/place/photo?maxwidth=2600&photoreference=AW30NDxmFh_nbEBOGQikj6WXYZ0cCB_WSw0H_2AU91g2uxGZdMz0yEu0YL7hDcfYB6YqH2aG8wcVLnylNF7HpmzWQ1YsYF7HjDIcj1b40sz40YYXuXIewbB43coycYE_x81u8SZ5dNm9fpn1Y_gdbGdBUrk3G0ZPuOmO7MYuonek4KZ65DLY&key=AIzaSyBblxAfyQjITHddg4IYMF77L-PHrfrLW4s
Activity: SkyHelix Sentosa,5: https://maps.googleapis.com/maps/api/place/photo?maxwidth=2600&photoreference=AW30NDzajEM5AS00r1LKmurTG7XhBNg7udFB8MfaT4X3ir6_DqBp55RdD8_PPcytnni3fmvSgpWKB_g0I3K9Z9OEQ1vFykG7qxSaMmw40DiuFFPrnDclRJ3znYm4fHc0YEbeBDt6N8fRz2vW7jDidcIlrcsYWr071y3P1iEeeBz9BiWpOV1l&key=AIzaSyBblxAfyQjITHddg4IYMF77L-PHrfrLW4s
Activity: SkyHelix Sentosa,6: https://maps.googleapis.com/maps/api/place/photo?maxwidth=2600&photoreference=AW30NDxo7sTK92WjrdTaAjvDuakhIuJbTLrkkHEXx2DEuQQ_ypSYgCLDF6--waC1Y07nC4UDXjVt4I09_xPKSIz_9OZ2cWu89Gvr8M7QPLPKvB7weq-ZaNp9mTVGwB5z7m_QzyHtah2B9s1baSZbLT-ULFQtbqbkroOMOokRJ4FrxWn7Nx9F&key=AIzaSyBblxAfyQjITHddg4IYMF77L-PHrfrLW4s
Activity: SkyHelix Sentosa,7: https://maps.googleapis.com/maps/api/place/photo?maxwidth=2600&photoreference=AW30NDwjIZ5cY51jqjqkPs4xLkJzXH8tJv0EqYif-iB500f051RCoEjQEp6yOF2B0v9BJ2WZF-KUQ4NwltOEDCkvEuO7FIoZAfBn_DBednd66wCmGbFKlURkGKwomhQYF_2uKmEMUELgC-OY3d09zF8VO9wzzLWiBdLNTs5CEnxWKwoeq0i0&key=AIzaSyBblxAfyQjITHddg4IYMF77L-PHrfrLW4s
Activity: SkyHelix Sentosa,8: https://maps.googleapis.com/maps/api/place/photo?maxwidth=2600&photoreference=AW30NDzsgBWFQWatwCPC3Lte-XQQYLMM45nXlN40rx-bI9fnpTDUtEClbKQurXrTazjtPNZaOhz7CZwiRmgIIrRLm7IsZQAfv5-3qE4JCBDcLRt5AUc4XV2yrInLCWWLc2RuzVroeZNAgdY4B0ZYYmq0nif3O2bP-Er2jKyq5uXKAvx_0fF_&key=AIzaSyBblxAfyQjITHddg4IYMF77L-PHrfrLW4s
Activity: SkyHelix Sentosa,9: https://maps.googleapis.com/maps/api/place/photo?maxwidth=2600&photoreference=AW30NDxv8ePaZXU9Ttx7PGCxjteqEg5x8wj7Kpj6at5w2FAcx22LS-9JWJle5CaLHa_ieJl_9L94Udd1yVpsEYMRsUrnS-9yVwEgO2mWwgUq5pLpUUbqas4LsUmTMr57KhRIAjM0_k6-OUjkI8cGirSyKb8QzosDc8BehVeT9ymuS5-SalNa&key=AIzaSyBblxAfyQjITHddg4IYMF77L-PHrfrLW4s
Activity: SkyHelix Sentosa,10: https://maps.googleapis.com/maps/api/place/photo?maxwidth=2600&photoreference=AW30NDzvmY2S9RfktzHQYrqqa7mX_ZflJgwGrqd7N08dttV5pHzYlHKC8oWmZcFl-NPMWw3cytil0coGz0A9geOWlJSbubWAOZAKlMhpT-zvsWbe7VkXGZxGkp9GgNfuCwRZ0KQaGIuqdY4IzyaT1NBiOlku4XLOnO0q4u2Da3LUv7-NFEfn&key=AIzaSyBblxAfyQjITHddg4IYMF77L-PHrfrLW4s
