Jubilee Park at Fort Canning,"River Valley Rd, Singapore",1.2961284,103.8335803
Jurassic Mile,"Airport Blvd., Singapore",1.3515406,103.9864297
Coastal Playgrove at East Coast Park,"902 E Coast Park Service Rd, Singapore 449874",1.2968138,103.8995102
Fort Siloso Skywalk,"Siloso Rd, Singapore 099981",1.254134,103.8199857
SkyHelix Sentosa,"41 Imbiah Rd, Sentosa, Singapore 099707",1.2549381,103.817616
Universal Studios Singapore,"8 Sentosa Gateway, Singapore 098269",1.25574585,103.82123439403357
The Karting Arena,"200 Turf Club Road, #01-01B The Grandstand, Singapore 287994",1.3380084,103.7934418
Skyride at Skyline Luge Sentosa,"1 Imbiah Rd, Singapore 099692",1.2549642,103.8173891
Mud Krank,"10 Neo Tiew Lane 2 Gallop Kranji Farm Resort, 10 Neo Tiew Lane 2, Farm H, Singapore 718813",1.4198193,103.718739
Singapore Maritime Gallery,"31 Marina Coastal Dr, Level 2, Singapore 018988",1.2710567,103.8632231
Masak Masak - The Artground,"90 Goodman Rd, #01-40 BLK J, Singapore 439053",1.3036295,103.8853019
Air Force Museum,"400 Airport Rd, Singapore 534234",1.3466089,103.8993625244488
National Museum of Singapore,"93 Stamford Rd, Singapore 178897",1.2965476,103.84831668321195
National Gallery Singapore,"1 St Andrew's Rd, #01 â€“ 01, Singapore 178957",1.2902217,103.8515167
Battlebox,"2 Cox Terrace, Singapore 179622",1.2947832,103.8467082
Future World - ArtScience Museum,"6 Bayfront Ave, Singapore 018974",1.2862784,103.8592687
Lee Kong Chian Natural History Museum,"2 Conservatory Dr, Singapore 117377",1.3014296,103.773624
Science Centre Singapore,"15 Science Centre Rd, Singapore 609081",1.3328377,103.73601896466558
Singapore Discovery Centre,"510 Upper Jurong Rd, Singapore 638365",1.33269035,103.6790421957158
313 Somerset Playground,"181 Orchard Rd, #07-02 Orchard Central Singapore 238896",1.3007891,103.8395813
Suntec City Playground,"#02-477, Suntec City (North Wing, 3 Temasek Blvd, Tower 1, Singapore 038983",1.2957179,103.8587165
Marina Square Playground,"Marina Square, #01-09, Singapore 039594",1.2922913,103.8569453
PIP's Playbox,"1 Esplanade Dr, Singapore 038981",1.2894469,103.8556046
Paragon Playground,"290 Orchard Rd, Singapore 238859",1.3037371,103.8355203283509
Tayo Station,"1 Pasir Ris Cl, Level 3 E!Hub, Singapore 519599",1.375901,103.9554548
NERF Action Xperience,"6 Raffles Blvd, #01-208 Marina Square, Singapore 039594",1.291433,103.8576787
Amazonia,"1 Kim Seng Promenade, #03-113 Great World, Singapore 237994",1.2930254,103.8324648
Play by Kinderplay,"Changi Airport Terminal 3 #B2-14/15/16/17, 65 Airport Blvd., Singapore 819663",1.3559931,103.9862754
Kiztopia Club,"85 Punggol Central, #01-01/02/03/04, Singapore 828726",1.4074761,103.9031757
Superpark Singapore,"#02-477, Suntec City (North Wing, 3 Temasek Blvd, Tower 1, Singapore 038983",1.2957179,103.8587165
Pororo Park Singapore,"6, #02-29 Raffles Blvd, Marina Square, Singapore 039594",1.2909336,103.8573824
Hay Dairies,"3 Lim Chu Kang Lane 4, Singapore 718859",1.4324819,103.7092698
Jurong Frog Farm,"51 56 Lim Chu Kang Lane 6, Singapore 718864",1.4354036,103.7172768
The Live Turtle & Tortoise Museum,"81 Lor Chencharu, #01-16, ORTO 769198",1.4139264,103.8292242
Gallop Stable,"100 Turf Club Road, Singapore 287992",1.3356983,103.7960272
S.E.A Aquarium,"8 Sentosa Gateway, Sentosa Island, Singapore 098269",1.2583209,103.8205147
Jurong Bird Park,"2 Jurong Hill, Singapore 628925",1.3190249,103.70666845474159
Singapore Zoo,"80 Mandai Lake Rd, Singapore 729826",1.4029555,103.7913018
Water Play at Clusia Cove,"104 Yuan Ching Rd, Singapore",1.33902795,103.72461735970663
Singapore Botanic Gardens,"1 Cluny Rd, Singapore 259569",1.3149287,103.8161102
Jacob Ballas Children's Garden,"481 Bukit Timah Rd, Singapore 259769",1.3207604,103.8179241
Bollywood Farms,"100 Neo Tiew Rd, Singapore 719026",1.4186455,103.7161822
ORTO,"81 Lor Chencharu, Singapore 769198",1.413117,103.8293719
Gardens by the Bay,"18 Marina Gardens Dr, Singapore 018953",1.284862,103.8640812
